<?xml version="1.0"?>
<opencv_storage>

<Camera_ip>test.mp4</Camera_ip>

<work_time_seconds>2000.</work_time_seconds>

<break_time_seconds>0.</break_time_seconds>

<orientation_num>100.</orientation_num>

<Storage_location>/media/329E15389E14F5D7/Detected_Image/</Storage_location>

<ImageResolution>1</ImageResolution>



<Port>/dev/ttyUSB0</Port>

<Bps>115200</Bps>

<TimeOut>-1</TimeOut>


<Server_IP>"192.168.1.1"</Server_IP>

<Server_Port>8888</Server_Port>

<Send_ImageSize>1</Send_ImageSize>

<Send_ImageTime>5</Send_ImageTime>

</opencv_storage>
